read_subset,num_sequences,total_bases,mean,min,max,N50,Q25,Q50,Q75
all,1471592,5252055823,3568.9619289857515,93,80400,6898,848.0,1925.0,4363.0
pass,1471592,5252055823,3568.9619289857515,93,80400,6898,848.0,1925.0,4363.0
